/******************************************************************************/
/****        Generated by IBExpert 2023.4.14.1 6/26/2026 8:30:19 AM        ****/
/******************************************************************************/

SET SQL DIALECT 3;

SET NAMES WIN1252;

SET CLIENTLIB 'C:\Program Files\Firebird\Firebird_4_0\WOW64\fbclient.dll';

CREATE DATABASE '127.0.0.1/3050:C:\Users\ericd\OneDrive\Documentos\Cursos\CursoBD\sci-academia-bd\PROJETOFINAL\SISTEMANOTASFISCAIS.FDB'
USER 'SYSDBA' PASSWORD 'masterkey'
PAGE_SIZE 16384
DEFAULT CHARACTER SET WIN1252 COLLATION WIN1252;



/******************************************************************************/
/****                               Domains                                ****/
/******************************************************************************/

CREATE DOMAIN DM_CIDADE AS
VARCHAR(60)
NOT NULL
COLLATE WIN_PTBR;

CREATE DOMAIN DM_DOCUMENTO AS
VARCHAR(10)
NOT NULL
COLLATE WIN_PTBR;

CREATE DOMAIN DM_DOCUMENTOCLIENTE AS
VARCHAR(20)
NOT NULL
COLLATE WIN_PTBR;

CREATE DOMAIN DM_ENDERECO AS
VARCHAR(100)
NOT NULL
COLLATE WIN_PTBR;

CREATE DOMAIN DM_NOMECLIENTE AS
VARCHAR(120)
NOT NULL
COLLATE WIN_PTBR;

CREATE DOMAIN DM_PRODUTO AS
VARCHAR(100)
NOT NULL
COLLATE WIN_PTBR;

CREATE DOMAIN DM_TELEFONE AS
VARCHAR(15)
NOT NULL
COLLATE WIN_PTBR;

CREATE DOMAIN DM_UF AS
VARCHAR(2)
NOT NULL
COLLATE WIN_PTBR;



/******************************************************************************/
/****                              Generators                              ****/
/******************************************************************************/

CREATE GENERATOR GEN_TALIQUOTAFEDERAL_ID START WITH 1 INCREMENT BY 1;
SET GENERATOR GEN_TALIQUOTAFEDERAL_ID TO 10;

CREATE GENERATOR GEN_TALIQUOTAICMS_ID START WITH 1 INCREMENT BY 1;
SET GENERATOR GEN_TALIQUOTAICMS_ID TO 10;

CREATE GENERATOR GEN_TCIDADE_ID START WITH 1 INCREMENT BY 1;
SET GENERATOR GEN_TCIDADE_ID TO 10;

CREATE GENERATOR GEN_TCLIENTE_ID START WITH 1 INCREMENT BY 1;
SET GENERATOR GEN_TCLIENTE_ID TO 10;

CREATE GENERATOR GEN_TNOTAFISCALITEM_ID START WITH 1 INCREMENT BY 1;
SET GENERATOR GEN_TNOTAFISCALITEM_ID TO 10;

CREATE GENERATOR GEN_TNOTAFISCAL_ID START WITH 1 INCREMENT BY 1;
SET GENERATOR GEN_TNOTAFISCAL_ID TO 10;

CREATE GENERATOR GEN_TPRODUTO_ID START WITH 1 INCREMENT BY 1;
SET GENERATOR GEN_TPRODUTO_ID TO 10;

CREATE GENERATOR GEN_TTIPODOCUMENTO_ID START WITH 1 INCREMENT BY 1;
SET GENERATOR GEN_TTIPODOCUMENTO_ID TO 2;

CREATE GENERATOR GEN_TUF_ID START WITH 1 INCREMENT BY 1;
SET GENERATOR GEN_TUF_ID TO 10;



/******************************************************************************/
/****                                Tables                                ****/
/******************************************************************************/



CREATE TABLE TALIQUOTAFEDERAL (
    BDCODALIQFEDERAL  INTEGER NOT NULL,
    BDANO             INTEGER NOT NULL,
    BDALIQUOTAPIS     NUMERIC(15,2) NOT NULL,
    BDALIQUOTACOFINS  NUMERIC(15,2) NOT NULL
);

CREATE TABLE TALIQUOTAICMS (
    BDCODALIQUOTA  INTEGER NOT NULL,
    BDALIQUOTA     NUMERIC(15,2),
    BDCODUF        INTEGER
);

CREATE TABLE TCIDADE (
    BDCODCIDADE   INTEGER NOT NULL,
    BDDESCCIDADE  DM_CIDADE,
    BDCODUF       INTEGER NOT NULL
);

CREATE TABLE TCLIENTE (
    BDCODCLIENTE        INTEGER NOT NULL,
    BDNOMECLIENTE       DM_NOMECLIENTE,
    BDTELEFONECLIENTE   DM_TELEFONE,
    BDENDERECOCLIENTE   DM_ENDERECO,
    BDDOCUMENTOCLIENTE  DM_DOCUMENTOCLIENTE,
    BDCODTIPODOCUMENTO  INTEGER NOT NULL,
    BDCODCIDADE         INTEGER NOT NULL
);

CREATE TABLE TNOTAFISCAL (
    BDCODNOTAFISCAL   INTEGER NOT NULL,
    BDDATAEMISSAO     DATE NOT NULL,
    BDNUMDOCUMENTO    INTEGER NOT NULL,
    BDSERIEDOCUMENTO  INTEGER NOT NULL,
    BDCODCLIENTE      INTEGER NOT NULL,
    BDVALORTOTAL      NUMERIC(15,2) NOT NULL
);

CREATE TABLE TNOTAFISCALITEM (
    BDCODNOTAITEM     INTEGER NOT NULL,
    BDQTDPRODUTO      INTEGER NOT NULL,
    BDPRECOUNITARIO   NUMERIC(15,2) NOT NULL,
    BDVALORTOTALITEM  NUMERIC(15,2),
    BDCODNOTA         INTEGER,
    BDCODPRODUTO      INTEGER
);

CREATE TABLE TPRODUTO (
    BDCODPRODUTO        INTEGER NOT NULL,
    BDIDENTIFCOMERCIAL  INTEGER NOT NULL,
    BDDESCPRODUTO       DM_PRODUTO,
    BDPRECOPRODUTO      NUMERIC(15,2) NOT NULL
);

CREATE TABLE TTIPODOCUMENTO (
    BDCODTPDOCUMENTO  INTEGER NOT NULL,
    BDDESCDOCUMENTO   DM_DOCUMENTO
);

CREATE TABLE TUF (
    BDCODUF   INTEGER NOT NULL,
    BDDESCUF  DM_UF
);

INSERT INTO TALIQUOTAFEDERAL (BDCODALIQFEDERAL, BDANO, BDALIQUOTAPIS, BDALIQUOTACOFINS) VALUES (1, 2026, 1.65, 7.6);
INSERT INTO TALIQUOTAFEDERAL (BDCODALIQFEDERAL, BDANO, BDALIQUOTAPIS, BDALIQUOTACOFINS) VALUES (2, 2025, 1.65, 7.6);
INSERT INTO TALIQUOTAFEDERAL (BDCODALIQFEDERAL, BDANO, BDALIQUOTAPIS, BDALIQUOTACOFINS) VALUES (3, 2024, 0.65, 3);
INSERT INTO TALIQUOTAFEDERAL (BDCODALIQFEDERAL, BDANO, BDALIQUOTAPIS, BDALIQUOTACOFINS) VALUES (4, 2023, 0.65, 3);
INSERT INTO TALIQUOTAFEDERAL (BDCODALIQFEDERAL, BDANO, BDALIQUOTAPIS, BDALIQUOTACOFINS) VALUES (5, 2022, 0.65, 3);
INSERT INTO TALIQUOTAFEDERAL (BDCODALIQFEDERAL, BDANO, BDALIQUOTAPIS, BDALIQUOTACOFINS) VALUES (6, 2021, 0.65, 3);
INSERT INTO TALIQUOTAFEDERAL (BDCODALIQFEDERAL, BDANO, BDALIQUOTAPIS, BDALIQUOTACOFINS) VALUES (7, 2020, 0.65, 3);
INSERT INTO TALIQUOTAFEDERAL (BDCODALIQFEDERAL, BDANO, BDALIQUOTAPIS, BDALIQUOTACOFINS) VALUES (8, 2019, 0.65, 3);
INSERT INTO TALIQUOTAFEDERAL (BDCODALIQFEDERAL, BDANO, BDALIQUOTAPIS, BDALIQUOTACOFINS) VALUES (9, 2018, 0.65, 3);
INSERT INTO TALIQUOTAFEDERAL (BDCODALIQFEDERAL, BDANO, BDALIQUOTAPIS, BDALIQUOTACOFINS) VALUES (10, 2017, 0.65, 3);


COMMIT WORK;

INSERT INTO TUF (BDCODUF, BDDESCUF) VALUES (1, 'SC');
INSERT INTO TUF (BDCODUF, BDDESCUF) VALUES (2, 'PR');
INSERT INTO TUF (BDCODUF, BDDESCUF) VALUES (3, 'SP');
INSERT INTO TUF (BDCODUF, BDDESCUF) VALUES (4, 'RJ');
INSERT INTO TUF (BDCODUF, BDDESCUF) VALUES (5, 'MG');
INSERT INTO TUF (BDCODUF, BDDESCUF) VALUES (6, 'RS');
INSERT INTO TUF (BDCODUF, BDDESCUF) VALUES (7, 'BA');
INSERT INTO TUF (BDCODUF, BDDESCUF) VALUES (8, 'PE');
INSERT INTO TUF (BDCODUF, BDDESCUF) VALUES (9, 'GO');
INSERT INTO TUF (BDCODUF, BDDESCUF) VALUES (10, 'MT');


COMMIT WORK;

INSERT INTO TALIQUOTAICMS (BDCODALIQUOTA, BDALIQUOTA, BDCODUF) VALUES (1, 17, 1);
INSERT INTO TALIQUOTAICMS (BDCODALIQUOTA, BDALIQUOTA, BDCODUF) VALUES (2, 18, 2);
INSERT INTO TALIQUOTAICMS (BDCODALIQUOTA, BDALIQUOTA, BDCODUF) VALUES (3, 18, 3);
INSERT INTO TALIQUOTAICMS (BDCODALIQUOTA, BDALIQUOTA, BDCODUF) VALUES (4, 12, 4);
INSERT INTO TALIQUOTAICMS (BDCODALIQUOTA, BDALIQUOTA, BDCODUF) VALUES (5, 12, 5);
INSERT INTO TALIQUOTAICMS (BDCODALIQUOTA, BDALIQUOTA, BDCODUF) VALUES (6, 17.5, 6);
INSERT INTO TALIQUOTAICMS (BDCODALIQUOTA, BDALIQUOTA, BDCODUF) VALUES (7, 19, 7);
INSERT INTO TALIQUOTAICMS (BDCODALIQUOTA, BDALIQUOTA, BDCODUF) VALUES (8, 18, 8);
INSERT INTO TALIQUOTAICMS (BDCODALIQUOTA, BDALIQUOTA, BDCODUF) VALUES (9, 17, 9);
INSERT INTO TALIQUOTAICMS (BDCODALIQUOTA, BDALIQUOTA, BDCODUF) VALUES (10, 17, 10);


COMMIT WORK;

INSERT INTO TCIDADE (BDCODCIDADE, BDDESCCIDADE, BDCODUF) VALUES (1, 'Blumenau', 1);
INSERT INTO TCIDADE (BDCODCIDADE, BDDESCCIDADE, BDCODUF) VALUES (2, 'Curitiba', 2);
INSERT INTO TCIDADE (BDCODCIDADE, BDDESCCIDADE, BDCODUF) VALUES (3, 'Sao Paulo', 3);
INSERT INTO TCIDADE (BDCODCIDADE, BDDESCCIDADE, BDCODUF) VALUES (4, 'Rio de Janeiro', 4);
INSERT INTO TCIDADE (BDCODCIDADE, BDDESCCIDADE, BDCODUF) VALUES (5, 'Belo Horizonte', 5);
INSERT INTO TCIDADE (BDCODCIDADE, BDDESCCIDADE, BDCODUF) VALUES (6, 'Porto Alegre', 6);
INSERT INTO TCIDADE (BDCODCIDADE, BDDESCCIDADE, BDCODUF) VALUES (7, 'Salvador', 7);
INSERT INTO TCIDADE (BDCODCIDADE, BDDESCCIDADE, BDCODUF) VALUES (8, 'Recife', 8);
INSERT INTO TCIDADE (BDCODCIDADE, BDDESCCIDADE, BDCODUF) VALUES (9, 'Goiania', 9);
INSERT INTO TCIDADE (BDCODCIDADE, BDDESCCIDADE, BDCODUF) VALUES (10, 'Cuiaba', 10);


COMMIT WORK;

INSERT INTO TTIPODOCUMENTO (BDCODTPDOCUMENTO, BDDESCDOCUMENTO) VALUES (1, 'CPF');
INSERT INTO TTIPODOCUMENTO (BDCODTPDOCUMENTO, BDDESCDOCUMENTO) VALUES (2, 'CNPJ');


COMMIT WORK;

INSERT INTO TCLIENTE (BDCODCLIENTE, BDNOMECLIENTE, BDTELEFONECLIENTE, BDENDERECOCLIENTE, BDDOCUMENTOCLIENTE, BDCODTIPODOCUMENTO, BDCODCIDADE) VALUES (1, 'Ana Silva', '47999991111', 'Rua XV de Novembro, 10', '12345678901', 1, 1);
INSERT INTO TCLIENTE (BDCODCLIENTE, BDNOMECLIENTE, BDTELEFONECLIENTE, BDENDERECOCLIENTE, BDDOCUMENTOCLIENTE, BDCODTIPODOCUMENTO, BDCODCIDADE) VALUES (2, 'Bruno Souza', '41999992222', 'Av. Sete de Setembro, 200', '98765432100', 1, 2);
INSERT INTO TCLIENTE (BDCODCLIENTE, BDNOMECLIENTE, BDTELEFONECLIENTE, BDENDERECOCLIENTE, BDDOCUMENTOCLIENTE, BDCODTIPODOCUMENTO, BDCODCIDADE) VALUES (3, 'Carlos Tech', '11999993333', 'Av. Paulista, 1500', '11222333000199', 2, 3);
INSERT INTO TCLIENTE (BDCODCLIENTE, BDNOMECLIENTE, BDTELEFONECLIENTE, BDENDERECOCLIENTE, BDDOCUMENTOCLIENTE, BDCODTIPODOCUMENTO, BDCODCIDADE) VALUES (4, 'Daniela Lima', '21999994444', 'Av. Atlantica, 450', '44455566677', 1, 4);
INSERT INTO TCLIENTE (BDCODCLIENTE, BDNOMECLIENTE, BDTELEFONECLIENTE, BDENDERECOCLIENTE, BDDOCUMENTOCLIENTE, BDCODTIPODOCUMENTO, BDCODCIDADE) VALUES (5, 'Eduardo Alves', '31999995555', 'Rua da Bahia, 300', '55566677788', 1, 5);
INSERT INTO TCLIENTE (BDCODCLIENTE, BDNOMECLIENTE, BDTELEFONECLIENTE, BDENDERECOCLIENTE, BDDOCUMENTOCLIENTE, BDCODTIPODOCUMENTO, BDCODCIDADE) VALUES (6, 'Fernanda Loja', '51999996666', 'Av. Ipiranga, 90', '22333444000188', 2, 6);
INSERT INTO TCLIENTE (BDCODCLIENTE, BDNOMECLIENTE, BDTELEFONECLIENTE, BDENDERECOCLIENTE, BDDOCUMENTOCLIENTE, BDCODTIPODOCUMENTO, BDCODCIDADE) VALUES (7, 'Gabriel Costa', '71999997777', 'Av. Tancredo Neves, 50', '77788899900', 1, 7);
INSERT INTO TCLIENTE (BDCODCLIENTE, BDNOMECLIENTE, BDTELEFONECLIENTE, BDENDERECOCLIENTE, BDDOCUMENTOCLIENTE, BDCODTIPODOCUMENTO, BDCODCIDADE) VALUES (8, 'Helena Modas', '81999998888', 'Rua do Hospicio, 120', '33444555000177', 2, 8);
INSERT INTO TCLIENTE (BDCODCLIENTE, BDNOMECLIENTE, BDTELEFONECLIENTE, BDENDERECOCLIENTE, BDDOCUMENTOCLIENTE, BDCODTIPODOCUMENTO, BDCODCIDADE) VALUES (9, 'Igor Santos', '62999999999', 'Av. T-63, 800', '99900011122', 1, 9);
INSERT INTO TCLIENTE (BDCODCLIENTE, BDNOMECLIENTE, BDTELEFONECLIENTE, BDENDERECOCLIENTE, BDDOCUMENTOCLIENTE, BDCODTIPODOCUMENTO, BDCODCIDADE) VALUES (10, 'Julia Ramos', '65999990000', 'Av. do CPA, 1100', '00011122233', 1, 10);


COMMIT WORK;

INSERT INTO TNOTAFISCAL (BDCODNOTAFISCAL, BDDATAEMISSAO, BDNUMDOCUMENTO, BDSERIEDOCUMENTO, BDCODCLIENTE, BDVALORTOTAL) VALUES (1, '2026-06-15', 1001, 1, 1, 4500);
INSERT INTO TNOTAFISCAL (BDCODNOTAFISCAL, BDDATAEMISSAO, BDNUMDOCUMENTO, BDSERIEDOCUMENTO, BDCODCLIENTE, BDVALORTOTAL) VALUES (2, '2026-06-16', 1002, 1, 2, 2500);
INSERT INTO TNOTAFISCAL (BDCODNOTAFISCAL, BDDATAEMISSAO, BDNUMDOCUMENTO, BDSERIEDOCUMENTO, BDCODCLIENTE, BDVALORTOTAL) VALUES (3, '2026-06-17', 1003, 1, 3, 1200);
INSERT INTO TNOTAFISCAL (BDCODNOTAFISCAL, BDDATAEMISSAO, BDNUMDOCUMENTO, BDSERIEDOCUMENTO, BDCODCLIENTE, BDVALORTOTAL) VALUES (4, '2026-06-18', 1004, 1, 4, 350);
INSERT INTO TNOTAFISCAL (BDCODNOTAFISCAL, BDDATAEMISSAO, BDNUMDOCUMENTO, BDSERIEDOCUMENTO, BDCODCLIENTE, BDVALORTOTAL) VALUES (5, '2026-06-19', 1005, 1, 5, 180);
INSERT INTO TNOTAFISCAL (BDCODNOTAFISCAL, BDDATAEMISSAO, BDNUMDOCUMENTO, BDSERIEDOCUMENTO, BDCODCLIENTE, BDVALORTOTAL) VALUES (6, '2026-06-20', 1006, 1, 6, 400);
INSERT INTO TNOTAFISCAL (BDCODNOTAFISCAL, BDDATAEMISSAO, BDNUMDOCUMENTO, BDSERIEDOCUMENTO, BDCODCLIENTE, BDVALORTOTAL) VALUES (7, '2026-06-21', 1007, 1, 7, 850);
INSERT INTO TNOTAFISCAL (BDCODNOTAFISCAL, BDDATAEMISSAO, BDNUMDOCUMENTO, BDSERIEDOCUMENTO, BDCODCLIENTE, BDVALORTOTAL) VALUES (8, '2026-06-22', 1008, 1, 8, 450);
INSERT INTO TNOTAFISCAL (BDCODNOTAFISCAL, BDDATAEMISSAO, BDNUMDOCUMENTO, BDSERIEDOCUMENTO, BDCODCLIENTE, BDVALORTOTAL) VALUES (9, '2026-06-23', 1009, 1, 9, 500);
INSERT INTO TNOTAFISCAL (BDCODNOTAFISCAL, BDDATAEMISSAO, BDNUMDOCUMENTO, BDSERIEDOCUMENTO, BDCODCLIENTE, BDVALORTOTAL) VALUES (10, '2026-06-24', 1010, 1, 10, 380);


COMMIT WORK;

INSERT INTO TPRODUTO (BDCODPRODUTO, BDIDENTIFCOMERCIAL, BDDESCPRODUTO, BDPRECOPRODUTO) VALUES (1, 101, 'Notebook Gamer', 4500);
INSERT INTO TPRODUTO (BDCODPRODUTO, BDIDENTIFCOMERCIAL, BDDESCPRODUTO, BDPRECOPRODUTO) VALUES (2, 102, 'Smartphone 5G', 2500);
INSERT INTO TPRODUTO (BDCODPRODUTO, BDIDENTIFCOMERCIAL, BDDESCPRODUTO, BDPRECOPRODUTO) VALUES (3, 103, 'Monitor Ultrawide 29', 1200);
INSERT INTO TPRODUTO (BDCODPRODUTO, BDIDENTIFCOMERCIAL, BDDESCPRODUTO, BDPRECOPRODUTO) VALUES (4, 104, 'Teclado Mecanico RGB', 350);
INSERT INTO TPRODUTO (BDCODPRODUTO, BDIDENTIFCOMERCIAL, BDDESCPRODUTO, BDPRECOPRODUTO) VALUES (5, 105, 'Mouse Sem Fio Ergonomico', 180);
INSERT INTO TPRODUTO (BDCODPRODUTO, BDIDENTIFCOMERCIAL, BDDESCPRODUTO, BDPRECOPRODUTO) VALUES (6, 106, 'Headset Gamer 7.1', 400);
INSERT INTO TPRODUTO (BDCODPRODUTO, BDIDENTIFCOMERCIAL, BDDESCPRODUTO, BDPRECOPRODUTO) VALUES (7, 107, 'Cadeira Escritorio Mesh', 850);
INSERT INTO TPRODUTO (BDCODPRODUTO, BDIDENTIFCOMERCIAL, BDDESCPRODUTO, BDPRECOPRODUTO) VALUES (8, 108, 'Roteador Wi-Fi 6', 450);
INSERT INTO TPRODUTO (BDCODPRODUTO, BDIDENTIFCOMERCIAL, BDDESCPRODUTO, BDPRECOPRODUTO) VALUES (9, 109, 'SSD M.2 NVMe 1TB', 500);
INSERT INTO TPRODUTO (BDCODPRODUTO, BDIDENTIFCOMERCIAL, BDDESCPRODUTO, BDPRECOPRODUTO) VALUES (10, 110, 'Memoria RAM DDR4 16GB', 380);


COMMIT WORK;

INSERT INTO TNOTAFISCALITEM (BDCODNOTAITEM, BDQTDPRODUTO, BDPRECOUNITARIO, BDVALORTOTALITEM, BDCODNOTA, BDCODPRODUTO) VALUES (1, 1, 4500, 4500, 1, 1);
INSERT INTO TNOTAFISCALITEM (BDCODNOTAITEM, BDQTDPRODUTO, BDPRECOUNITARIO, BDVALORTOTALITEM, BDCODNOTA, BDCODPRODUTO) VALUES (2, 1, 2500, 2500, 2, 2);
INSERT INTO TNOTAFISCALITEM (BDCODNOTAITEM, BDQTDPRODUTO, BDPRECOUNITARIO, BDVALORTOTALITEM, BDCODNOTA, BDCODPRODUTO) VALUES (3, 1, 1200, 1200, 3, 3);
INSERT INTO TNOTAFISCALITEM (BDCODNOTAITEM, BDQTDPRODUTO, BDPRECOUNITARIO, BDVALORTOTALITEM, BDCODNOTA, BDCODPRODUTO) VALUES (4, 1, 350, 350, 4, 4);
INSERT INTO TNOTAFISCALITEM (BDCODNOTAITEM, BDQTDPRODUTO, BDPRECOUNITARIO, BDVALORTOTALITEM, BDCODNOTA, BDCODPRODUTO) VALUES (5, 1, 180, 180, 5, 5);
INSERT INTO TNOTAFISCALITEM (BDCODNOTAITEM, BDQTDPRODUTO, BDPRECOUNITARIO, BDVALORTOTALITEM, BDCODNOTA, BDCODPRODUTO) VALUES (6, 1, 400, 400, 6, 6);
INSERT INTO TNOTAFISCALITEM (BDCODNOTAITEM, BDQTDPRODUTO, BDPRECOUNITARIO, BDVALORTOTALITEM, BDCODNOTA, BDCODPRODUTO) VALUES (7, 1, 850, 850, 7, 7);
INSERT INTO TNOTAFISCALITEM (BDCODNOTAITEM, BDQTDPRODUTO, BDPRECOUNITARIO, BDVALORTOTALITEM, BDCODNOTA, BDCODPRODUTO) VALUES (8, 1, 450, 450, 8, 8);
INSERT INTO TNOTAFISCALITEM (BDCODNOTAITEM, BDQTDPRODUTO, BDPRECOUNITARIO, BDVALORTOTALITEM, BDCODNOTA, BDCODPRODUTO) VALUES (9, 1, 500, 500, 9, 9);
INSERT INTO TNOTAFISCALITEM (BDCODNOTAITEM, BDQTDPRODUTO, BDPRECOUNITARIO, BDVALORTOTALITEM, BDCODNOTA, BDCODPRODUTO) VALUES (10, 1, 380, 380, 10, 10);


COMMIT WORK;



/******************************************************************************/
/****                             Primary keys                             ****/
/******************************************************************************/

ALTER TABLE TALIQUOTAFEDERAL ADD CONSTRAINT PK_TALIQUOTAFEDERAL PRIMARY KEY (BDCODALIQFEDERAL);
ALTER TABLE TALIQUOTAICMS ADD CONSTRAINT PK_TALIQUOTAICMS PRIMARY KEY (BDCODALIQUOTA);
ALTER TABLE TCIDADE ADD CONSTRAINT PK_TCIDADE PRIMARY KEY (BDCODCIDADE);
ALTER TABLE TCLIENTE ADD CONSTRAINT PK_TCLIENTE PRIMARY KEY (BDCODCLIENTE);
ALTER TABLE TNOTAFISCAL ADD CONSTRAINT PK_TNOTAFISCAL PRIMARY KEY (BDCODNOTAFISCAL);
ALTER TABLE TNOTAFISCALITEM ADD CONSTRAINT PK_TNOTAFISCALITEM PRIMARY KEY (BDCODNOTAITEM);
ALTER TABLE TPRODUTO ADD CONSTRAINT PK_TPRODUTO PRIMARY KEY (BDCODPRODUTO);
ALTER TABLE TTIPODOCUMENTO ADD CONSTRAINT PK_TTIPODOCUMENTO PRIMARY KEY (BDCODTPDOCUMENTO);
ALTER TABLE TUF ADD CONSTRAINT PK_TUF PRIMARY KEY (BDCODUF);


/******************************************************************************/
/****                             Foreign keys                             ****/
/******************************************************************************/

ALTER TABLE TALIQUOTAICMS ADD CONSTRAINT FK_TALIQUOTAICMS_1 FOREIGN KEY (BDCODUF) REFERENCES TUF (BDCODUF);
ALTER TABLE TCIDADE ADD CONSTRAINT FK_TCIDADE_1 FOREIGN KEY (BDCODUF) REFERENCES TUF (BDCODUF);
ALTER TABLE TCLIENTE ADD CONSTRAINT FK_TCLIENTE_1 FOREIGN KEY (BDCODCIDADE) REFERENCES TCIDADE (BDCODCIDADE);
ALTER TABLE TCLIENTE ADD CONSTRAINT FK_TCLIENTE_3 FOREIGN KEY (BDCODTIPODOCUMENTO) REFERENCES TTIPODOCUMENTO (BDCODTPDOCUMENTO);
ALTER TABLE TNOTAFISCAL ADD CONSTRAINT FK_TNOTAFISCAL_1 FOREIGN KEY (BDCODCLIENTE) REFERENCES TCLIENTE (BDCODCLIENTE);
ALTER TABLE TNOTAFISCALITEM ADD CONSTRAINT FK_TNOTAFISCALITEM_1 FOREIGN KEY (BDCODNOTA) REFERENCES TNOTAFISCAL (BDCODNOTAFISCAL);
ALTER TABLE TNOTAFISCALITEM ADD CONSTRAINT FK_TNOTAFISCALITEM_2 FOREIGN KEY (BDCODPRODUTO) REFERENCES TPRODUTO (BDCODPRODUTO);


/******************************************************************************/
/****                               Triggers                               ****/
/******************************************************************************/



SET TERM ^ ;



/******************************************************************************/
/****                         Triggers for tables                          ****/
/******************************************************************************/



/* Trigger: TALIQUOTAFEDERAL_BI */
CREATE TRIGGER TALIQUOTAFEDERAL_BI FOR TALIQUOTAFEDERAL
ACTIVE BEFORE INSERT POSITION 0
as
begin
  new.bdcodaliqfederal = gen_id(gen_taliquotafederal_id,1);
end
^

/* Trigger: TALIQUOTAICMS_BI */
CREATE TRIGGER TALIQUOTAICMS_BI FOR TALIQUOTAICMS
ACTIVE BEFORE INSERT POSITION 0
as
begin
  new.bdcodaliquota = gen_id(gen_taliquotaicms_id,1);
end
^

/* Trigger: TCIDADE_BI */
CREATE TRIGGER TCIDADE_BI FOR TCIDADE
ACTIVE BEFORE INSERT POSITION 0
as
begin
  new.bdcodcidade = gen_id(gen_tcidade_id,1);
end
^

/* Trigger: TCLIENTE_BI */
CREATE TRIGGER TCLIENTE_BI FOR TCLIENTE
ACTIVE BEFORE INSERT POSITION 0
as
begin
  new.bdcodcliente = gen_id(gen_tcliente_id,1);
end
^

/* Trigger: TNOTAFISCALITEM_BI */
CREATE TRIGGER TNOTAFISCALITEM_BI FOR TNOTAFISCALITEM
ACTIVE BEFORE INSERT POSITION 0
as
begin
  new.bdcodnotaitem = gen_id(gen_tnotafiscalitem_id,1);
end
^

/* Trigger: TNOTAFISCAL_BI */
CREATE TRIGGER TNOTAFISCAL_BI FOR TNOTAFISCAL
ACTIVE BEFORE INSERT POSITION 0
as
begin
  new.bdcodnotafiscal = gen_id(gen_tnotafiscal_id,1);
end
^

/* Trigger: TPRODUTO_BI */
CREATE TRIGGER TPRODUTO_BI FOR TPRODUTO
ACTIVE BEFORE INSERT POSITION 0
as
begin
  new.bdcodproduto = gen_id(gen_tproduto_id,1);
end
^

/* Trigger: TTIPODOCUMENTO_BI */
CREATE TRIGGER TTIPODOCUMENTO_BI FOR TTIPODOCUMENTO
ACTIVE BEFORE INSERT POSITION 0
as
begin
  new.bdcodtpdocumento = gen_id(gen_ttipodocumento_id,1);
end
^

/* Trigger: TUF_BI */
CREATE TRIGGER TUF_BI FOR TUF
ACTIVE BEFORE INSERT POSITION 0
as
begin
  new.bdcoduf = gen_id(gen_tuf_id,1);
end
^
SET TERM ; ^

