INSERT INTO TCONTINENTES (BDCODCONTINENTE, BDNOME)
VALUES (1, 'America do Sul');

INSERT INTO TCONTINENTES (BDCODCONTINENTE, BDNOME)
VALUES (2, 'Europa');

INSERT INTO TCONTINENTES (BDCODCONTINENTE, BDNOME)
VALUES (3, 'Africa');

INSERT INTO TCONTINENTES (BDCODCONTINENTE, BDNOME)
VALUES (4, 'Asia');

INSERT INTO TCONTINENTES (BDCODCONTINENTE, BDNOME)
VALUES (5, 'America do Norte');

INSERT INTO TCONTINENTES (BDCODCONTINENTE, BDNOME)
VALUES (6, 'Oceania');

INSERT INTO TSELECOES (BDCODSELECAO, BDCODCONTINENTE, BDNOME, BDNOMETECNICO)
VALUES (1, 1, 'Brasil', 'Carlo Ancelotti');

INSERT INTO TSELECOES (BDCODSELECAO, BDCODCONTINENTE, BDNOME, BDNOMETECNICO)
VALUES (2, 1, 'Argentina', 'Lionel Scaloni');

INSERT INTO TSELECOES (BDCODSELECAO, BDCODCONTINENTE, BDNOME, BDNOMETECNICO)
VALUES (3, 1, 'Uruguai', 'Marcelo Bielsa');

INSERT INTO TSELECOES (BDCODSELECAO, BDCODCONTINENTE, BDNOME, BDNOMETECNICO)
VALUES (4, 2, 'Franca', 'Didier Deschamps');

INSERT INTO TSELECOES (BDCODSELECAO, BDCODCONTINENTE, BDNOME, BDNOMETECNICO)
VALUES (5, 2, 'Alemanha', 'Julian Nagelsmann');

INSERT INTO TSELECOES (BDCODSELECAO, BDCODCONTINENTE, BDNOME, BDNOMETECNICO)
VALUES (6, 2, 'Espanha', 'Luis de la Fuente');

INSERT INTO TSELECOES (BDCODSELECAO, BDCODCONTINENTE, BDNOME, BDNOMETECNICO)
VALUES (7, 2, 'Inglaterra', 'Thomas Tuchel');

INSERT INTO TSELECOES (BDCODSELECAO, BDCODCONTINENTE, BDNOME, BDNOMETECNICO)
VALUES (8, 3, 'Marrocos', 'Walid Regragui');

INSERT INTO TSELECOES (BDCODSELECAO, BDCODCONTINENTE, BDNOME, BDNOMETECNICO)
VALUES (9, 3, 'Senegal', 'Aliou Cisse');

INSERT INTO TSELECOES (BDCODSELECAO, BDCODCONTINENTE, BDNOME, BDNOMETECNICO)
VALUES (10, 4, 'Japao', 'Hajime Moriyasu');

INSERT INTO TSELECOES (BDCODSELECAO, BDCODCONTINENTE, BDNOME, BDNOMETECNICO)
VALUES (11, 4, 'Coreia do Sul', 'Hong Myung-bo');

INSERT INTO TSELECOES (BDCODSELECAO, BDCODCONTINENTE, BDNOME, BDNOMETECNICO)
VALUES (12, 5, 'Mexico', 'Jaime Lozano');

INSERT INTO TSELECOES (BDCODSELECAO, BDCODCONTINENTE, BDNOME, BDNOMETECNICO)
VALUES (13, 5, 'Estados Unidos', 'Mauricio Pochettino');

INSERT INTO TSELECOES (BDCODSELECAO, BDCODCONTINENTE, BDNOME, BDNOMETECNICO)
VALUES (14, 6, 'Australia', 'Tony Popovic');


INSERT INTO TESTADIOS (BDCODESTADIO, BDNOME, BDCIDADE, BDCAPACIDADE)
VALUES (1, 'Estadio Nacional', 'Brasilia', 72000);

INSERT INTO TESTADIOS (BDCODESTADIO, BDNOME, BDCIDADE, BDCAPACIDADE)
VALUES (2, 'Arena Atlantica', 'Rio de Janeiro', 68000);

INSERT INTO TESTADIOS (BDCODESTADIO, BDNOME, BDCIDADE, BDCAPACIDADE)
VALUES (3, 'Arena Paulista', 'Sao Paulo', 49000);

INSERT INTO TESTADIOS (BDCODESTADIO, BDNOME, BDCIDADE, BDCAPACIDADE)
VALUES (4, 'Estadio do Sol', 'Salvador', 52000);

INSERT INTO TESTADIOS (BDCODESTADIO, BDNOME, BDCIDADE, BDCAPACIDADE)
VALUES (5, 'Arena Sul', 'Curitiba', 43000);

INSERT INTO TESTADIOS (BDCODESTADIO, BDNOME, BDCIDADE, BDCAPACIDADE)
VALUES (6, 'Arena Norte', 'Curitiba', 62000);


INSERT INTO TFASES (BDCODFASE, BDDESCRICAO)
VALUES (1, 'Fase de Grupos');

INSERT INTO TFASES (BDCODFASE, BDDESCRICAO)
VALUES (2, 'Oitavas de Final');

INSERT INTO TFASES (BDCODFASE, BDDESCRICAO)
VALUES (3, 'Quartas de Final');

INSERT INTO TFASES (BDCODFASE, BDDESCRICAO)
VALUES (4, 'Semifinal');

INSERT INTO TFASES (BDCODFASE, BDDESCRICAO)
VALUES (5, 'Final');


INSERT INTO TARBITROS (BDCODARBITRO, BDNOME, BDPAISORIGEM)
VALUES (1, 'Andres Matonte', 'Uruguai');

INSERT INTO TARBITROS (BDCODARBITRO, BDNOME, BDPAISORIGEM)
VALUES (2, 'Michael Oliver', 'Inglaterra');

INSERT INTO TARBITROS (BDCODARBITRO, BDNOME, BDPAISORIGEM)
VALUES (3, 'Raphael Claus', 'Brasil');

INSERT INTO TARBITROS (BDCODARBITRO, BDNOME, BDPAISORIGEM)
VALUES (4, 'Clement Turpin', 'Franca');

INSERT INTO TARBITROS (BDCODARBITRO, BDNOME, BDPAISORIGEM)
VALUES (5, 'Alireza Faghani', 'Ira');

INSERT INTO TARBITROS (BDCODARBITRO, BDNOME, BDPAISORIGEM)
VALUES (6, 'Ismail Elfath', 'Estados Unidos');

INSERT INTO TARBITROS (BDCODARBITRO, BDNOME, BDPAISORIGEM)
VALUES (7, 'Richard Ghorbal', 'Inglaterra');


INSERT INTO TTIPOSSELECAOJOGO (BDCODTIPOSELECAOJOGO, BDDESCRICAO)
VALUES (1, 'Mandante');

INSERT INTO TTIPOSSELECAOJOGO (BDCODTIPOSELECAOJOGO, BDDESCRICAO)
VALUES (2, 'Visitante');


INSERT INTO TJOGOS (BDCODJOGO, BDCODFASE, BDCODESTADIO, BDCODARBITRO, BDDATAJOGO, BDHORARIO)
VALUES (1, 1, 1, 1, DATE '2026-06-10', TIME '16:00:00');

INSERT INTO TJOGOS (BDCODJOGO, BDCODFASE, BDCODESTADIO, BDCODARBITRO, BDDATAJOGO, BDHORARIO)
VALUES (2, 1, 2, 2, DATE '2026-06-11', TIME '18:00:00');

INSERT INTO TJOGOS (BDCODJOGO, BDCODFASE, BDCODESTADIO, BDCODARBITRO, BDDATAJOGO, BDHORARIO)
VALUES (3, 1, 3, 3, DATE '2026-06-12', TIME '15:00:00');

INSERT INTO TJOGOS (BDCODJOGO, BDCODFASE, BDCODESTADIO, BDCODARBITRO, BDDATAJOGO, BDHORARIO)
VALUES (4, 1, 4, 4, DATE '2026-06-13', TIME '21:00:00');

INSERT INTO TJOGOS (BDCODJOGO, BDCODFASE, BDCODESTADIO, BDCODARBITRO, BDDATAJOGO, BDHORARIO)
VALUES (5, 1, 5, 5, DATE '2026-06-14', TIME '17:00:00');

INSERT INTO TJOGOS (BDCODJOGO, BDCODFASE, BDCODESTADIO, BDCODARBITRO, BDDATAJOGO, BDHORARIO)
VALUES (6, 1, 6, 6, DATE '2026-06-15', TIME '20:00:00');

INSERT INTO TJOGOS (BDCODJOGO, BDCODFASE, BDCODESTADIO, BDCODARBITRO, BDDATAJOGO, BDHORARIO)
VALUES (7, 2, 1, 7, DATE '2026-06-20', TIME '16:00:00');

INSERT INTO TJOGOS (BDCODJOGO, BDCODFASE, BDCODESTADIO, BDCODARBITRO, BDDATAJOGO, BDHORARIO)
VALUES (8, 2, 2, 1, DATE '2026-06-21', TIME '18:00:00');

INSERT INTO TJOGOS (BDCODJOGO, BDCODFASE, BDCODESTADIO, BDCODARBITRO, BDDATAJOGO, BDHORARIO)
VALUES (9, 3, 3, 2, DATE '2026-06-25', TIME '17:00:00');

INSERT INTO TJOGOS (BDCODJOGO, BDCODFASE, BDCODESTADIO, BDCODARBITRO, BDDATAJOGO, BDHORARIO)
VALUES (10, 3, 4, 3, DATE '2026-06-26', TIME '21:00:00');

INSERT INTO TJOGOS (BDCODJOGO, BDCODFASE, BDCODESTADIO, BDCODARBITRO, BDDATAJOGO, BDHORARIO)
VALUES (11, 4, 5, 4, DATE '2026-06-30', TIME '20:00:00');

INSERT INTO TJOGOS (BDCODJOGO, BDCODFASE, BDCODESTADIO, BDCODARBITRO, BDDATAJOGO, BDHORARIO)
VALUES (12, 5, 6, 5, DATE '2026-07-04', TIME '18:00:00');


INSERT INTO TJOGOSELECOES VALUES (1, 1, 1, 1, 2);
INSERT INTO TJOGOSELECOES VALUES (2, 1, 12, 2, 0);

INSERT INTO TJOGOSELECOES VALUES (3, 2, 2, 1, 1);
INSERT INTO TJOGOSELECOES VALUES (4, 2, 10, 2, 1);

INSERT INTO TJOGOSELECOES VALUES (5, 3, 4, 1, 3);
INSERT INTO TJOGOSELECOES VALUES (6, 3, 8, 2, 1);

INSERT INTO TJOGOSELECOES VALUES (7, 4, 5, 1, 0);
INSERT INTO TJOGOSELECOES VALUES (8, 4, 6, 2, 2);

INSERT INTO TJOGOSELECOES VALUES (9, 5, 7, 1, 2);
INSERT INTO TJOGOSELECOES VALUES (10, 5, 9, 2, 2);

INSERT INTO TJOGOSELECOES VALUES (11, 6, 13, 1, 1);
INSERT INTO TJOGOSELECOES VALUES (12, 6, 14, 2, 0);

INSERT INTO TJOGOSELECOES VALUES (13, 7, 1, 1, 2);
INSERT INTO TJOGOSELECOES VALUES (14, 7, 10, 2, 1);

INSERT INTO TJOGOSELECOES VALUES (15, 8, 4, 1, 1);
INSERT INTO TJOGOSELECOES VALUES (16, 8, 6, 2, 0);

INSERT INTO TJOGOSELECOES VALUES (17, 9, 1, 1, 1);
INSERT INTO TJOGOSELECOES VALUES (18, 9, 4, 2, 2);

INSERT INTO TJOGOSELECOES VALUES (19, 10, 2, 1, 3);
INSERT INTO TJOGOSELECOES VALUES (20, 10, 6, 2, 2);

INSERT INTO TJOGOSELECOES VALUES (21, 11, 4, 1, 2);
INSERT INTO TJOGOSELECOES VALUES (22, 11, 2, 2, 1);

INSERT INTO TJOGOSELECOES VALUES (23, 12, 4, 1, 3);
INSERT INTO TJOGOSELECOES VALUES (24, 12, 1, 2, 2);








INSERT INTO TJOGOSELECOES2 VALUES (1, 1, 1, 2, 12, 0);

INSERT INTO TJOGOSELECOES2 VALUES (2, 2, 2, 1, 10, 1);

INSERT INTO TJOGOSELECOES2 VALUES (3, 3, 4, 3, 8, 1);

INSERT INTO TJOGOSELECOES2 VALUES (4, 4, 5, 0, 6, 2);

INSERT INTO TJOGOSELECOES2 VALUES (5, 5, 7, 2, 9, 2);

INSERT INTO TJOGOSELECOES2 VALUES (6, 6, 13, 1, 14, 0);

INSERT INTO TJOGOSELECOES2 VALUES (7, 7, 1, 2, 10, 1);

INSERT INTO TJOGOSELECOES2 VALUES (8, 8, 4, 1, 6, 0);

INSERT INTO TJOGOSELECOES2 VALUES (9, 9, 1, 1, 4, 2);

INSERT INTO TJOGOSELECOES2 VALUES (10, 10, 2, 3, 6, 2);

INSERT INTO TJOGOSELECOES2 VALUES (11, 11, 4, 2, 2, 1);

INSERT INTO TJOGOSELECOES2 VALUES (12, 12, 4, 3, 1, 2);

commit work;

